/data/Mohsin/2p/msa0919_2/10_1_19/TSeriesmsa0919_2_10012019_inputoutput-001,/data/Mohsin/2p/msa0919_2/10_1_19/MarkPoints-10012019-inputoutput-001,3
/data/Mohsin/2p/msa0919_2/10_1_19/TSeriesmsa0919_2_10012019_inputoutput-002,/data/Mohsin/2p/msa0919_2/10_1_19/MarkPoints-10012019-inputoutput-002,3
/data/Mohsin/2p/msa0919_2/10_1_19/TSeriesmsa0919_2_10012019_inputoutput-003,/data/Mohsin/2p/msa0919_2/10_1_19/MarkPoints-10012019-inputoutput-003,3
/data/Mohsin/2p/msa0919_2/10_1_19/TSeriesmsa0919_2_10012019_inputoutput-004,/data/Mohsin/2p/msa0919_2/10_1_19/MarkPoints-10012019-inputoutput-004,3
/data/Mohsin/2p/msa0919_2/10_1_19/TSeriesmsa0919_2_10012019_inputoutput-005,/data/Mohsin/2p/msa0919_2/10_1_19/MarkPoints-10012019-inputoutput-005,3
/data/Mohsin/2p/msa0919_2/10_1_19/TSeriesmsa0919_2_10012019_inputoutput-006,/data/Mohsin/2p/msa0919_2/10_1_19/MarkPoints-10012019-inputoutput-006,3
/data/Mohsin/2p/msa0919_2/10_1_19/TSeriesmsa0919_2_10012019_inputoutput-007,/data/Mohsin/2p/msa0919_2/10_1_19/MarkPoints-10012019-inputoutput-007,3
/data/Mohsin/2p/msa0919_1/10_1_19/TSeriesmsa0919_1_10012019_inputoutput-001,/data/Mohsin/2p/msa0919_1/10_1_19/MarkPoints-10012019-inputoutput-001,3
/data/Mohsin/2p/msa0919_1/10_1_19/TSeriesmsa0919_1_10012019_inputoutput-002,/data/Mohsin/2p/msa0919_1/10_1_19/MarkPoints-10012019-inputoutput-002,3
/data/Mohsin/2p/msa0919_1/10_1_19/TSeriesmsa0919_1_10012019_inputoutput-003,/data/Mohsin/2p/msa0919_1/10_1_19/MarkPoints-10012019-inputoutput-003,3
/data/Mohsin/2p/msa0919_1/10_1_19/TSeriesmsa0919_1_10012019_inputoutput-004,/data/Mohsin/2p/msa0919_1/10_1_19/MarkPoints-10012019-inputoutput-004,3
/data/Mohsin/2p/msa0919_1/10_1_19/TSeriesmsa0919_1_10012019_inputoutput-005,/data/Mohsin/2p/msa0919_1/10_1_19/MarkPoints-10012019-inputoutput-005,3
/data/Mohsin/2p/msa0919_1/10_1_19/TSeriesmsa0919_1_10012019_inputoutput-006,/data/Mohsin/2p/msa0919_1/10_1_19/MarkPoints-10012019-inputoutput-006,3
/data/Mohsin/2p/msa0919_1/10_1_19/TSeriesmsa0919_1_10012019_inputoutput-007,/data/Mohsin/2p/msa0919_1/10_1_19/MarkPoints-10012019-inputoutput-007,3
/data/Mohsin/2p/msa0919_3/10_1_19/TSeriesmsa0919_3_10012019_inputoutput-001,/data/Mohsin/2p/msa0919_3/10_1_19/MarkPoints-10012019-inputoutput-001,3
/data/Mohsin/2p/msa0919_3/10_1_19/TSeriesmsa0919_3_10012019_inputoutput-002,/data/Mohsin/2p/msa0919_3/10_1_19/MarkPoints-10012019-inputoutput-002,3
/data/Mohsin/2p/msa0919_3/10_1_19/TSeriesmsa0919_3_10012019_inputoutput-003,/data/Mohsin/2p/msa0919_3/10_1_19/MarkPoints-10012019-inputoutput-003,3
/data/Mohsin/2p/msa0919_3/10_1_19/TSeriesmsa0919_3_10012019_inputoutput-004,/data/Mohsin/2p/msa0919_3/10_1_19/MarkPoints-10012019-inputoutput-004,3
/data/Mohsin/2p/msa0919_3/10_1_19/TSeriesmsa0919_3_10012019_inputoutput-005,/data/Mohsin/2p/msa0919_3/10_1_19/MarkPoints-10012019-inputoutput-005,3
/data/Mohsin/2p/msa0919_3/10_1_19/TSeriesmsa0919_3_10012019_inputoutput-006,/data/Mohsin/2p/msa0919_3/10_1_19/MarkPoints-10012019-inputoutput-006,3
/data/Mohsin/2p/msa0919_3/10_1_19/TSeriesmsa0919_3_10012019_inputoutput-007,/data/Mohsin/2p/msa0919_3/10_1_19/MarkPoints-10012019-inputoutput-007,3
/data/Mohsin/2p/msa1119_4/11_26_19/TSeriesmsa1119_4_11262019_inputoutput-001,/data/Mohsin/2p/msa1119_4/11_26_19/MarkPoints-11262019-inputoutput-001,3
/data/Mohsin/2p/msa1119_4/11_26_19/TSeriesmsa1119_4_11262019_inputoutput-002,/data/Mohsin/2p/msa1119_4/11_26_19/MarkPoints-11262019-inputoutput-002,3
/data/Mohsin/2p/msa1119_4/11_26_19/TSeriesmsa1119_4_11262019_inputoutput-003,/data/Mohsin/2p/msa1119_4/11_26_19/MarkPoints-11262019-inputoutput-003,3
/data/Mohsin/2p/msa1119_4/11_26_19/TSeriesmsa1119_4_11262019_inputoutput-004,/data/Mohsin/2p/msa1119_4/11_26_19/MarkPoints-11262019-inputoutput-004,3
/data/Mohsin/2p/msa1119_4/11_26_19/TSeriesmsa1119_4_11262019_inputoutput-005,/data/Mohsin/2p/msa1119_4/11_26_19/MarkPoints-11262019-inputoutput-005,3
/data/Mohsin/2p/msa1119_4/11_26_19/TSeriesmsa1119_4_11262019_inputoutput-006,/data/Mohsin/2p/msa1119_4/11_26_19/MarkPoints-11262019-inputoutput-006,3
/data/Mohsin/2p/msa1119_4/11_26_19/TSeriesmsa1119_4_11262019_inputoutput-007,/data/Mohsin/2p/msa1119_4/11_26_19/MarkPoints-11262019-inputoutput-007,3
/data/Mohsin/2p/msa1119_4/11_26_19/TSeriesmsa1119_4_11262019_inputoutput-008,/data/Mohsin/2p/msa1119_4/11_26_19/MarkPoints-11262019-inputoutput-008,3
/data/Mohsin/2p/msa1119_4/11_26_19/TSeriesmsa1119_4_11262019_inputoutput-009,/data/Mohsin/2p/msa1119_4/11_26_19/MarkPoints-11262019-inputoutput-009,3